item,object,implicit_sentence,sentence_text,explicit_sentence,explicit_text,match,dataset,log_prob,model_name,n_params
1,axe,a,The lumberjack left his axe sticking in the top of the stump after winning the axe toss.,a,The axe was horizontal.,match,muraki2021,-3.9764930248260497,EleutherAI/pythia-2.8b,2775208960
1,axe,a,The lumberjack left his axe sticking in the top of the stump after winning the axe toss.,b,The axe was vertical.,mismatch,muraki2021,-3.926759672164917,EleutherAI/pythia-2.8b,2775208960
2,bat,a,Derek swung his bat as the ball approached.,a,The bat was horizontal.,match,muraki2021,-3.7403034210205077,EleutherAI/pythia-2.8b,2775208960
2,bat,a,Derek swung his bat as the ball approached.,b,The bat was vertical.,mismatch,muraki2021,-3.8008325576782225,EleutherAI/pythia-2.8b,2775208960
3,book,a,The librarian put the book back on the table.,a,The book was horizontal.,match,muraki2021,-4.458507680892945,EleutherAI/pythia-2.8b,2775208960
3,book,a,The librarian put the book back on the table.,b,The book was vertical.,mismatch,muraki2021,-4.4018724918365475,EleutherAI/pythia-2.8b,2775208960
4,bottle,a,"Jessica stuck the bottle in the wine rack, anticipating a romantic evening.",a,The bottle was horizontal.,match,muraki2021,-4.101866602897644,EleutherAI/pythia-2.8b,2775208960
4,bottle,a,"Jessica stuck the bottle in the wine rack, anticipating a romantic evening.",b,The bottle was vertical.,mismatch,muraki2021,-4.141802430152893,EleutherAI/pythia-2.8b,2775208960
5,bowl,a,James placed the bowl into an open space in the cabinet.,a,The bowl was horizontal.,match,muraki2021,-3.6097579479217528,EleutherAI/pythia-2.8b,2775208960
5,bowl,a,James placed the bowl into an open space in the cabinet.,b,The bowl was vertical.,mismatch,muraki2021,-3.6795569896697997,EleutherAI/pythia-2.8b,2775208960
6,broom,a,"Janie grabbed the broom and rode it around the house, pretending it was her horse.",a,The broom was horizontal.,match,muraki2021,-3.6014342417474836,EleutherAI/pythia-2.8b,2775208960
6,broom,a,"Janie grabbed the broom and rode it around the house, pretending it was her horse.",b,The broom was vertical.,mismatch,muraki2021,-3.6377847304102033,EleutherAI/pythia-2.8b,2775208960
7,brush,a,"The teenager placed her brush in the bottom of her bag, looking forward to the party.",a,The brush was horizontal.,match,muraki2021,-5.747527599334717,EleutherAI/pythia-2.8b,2775208960
7,brush,a,"The teenager placed her brush in the bottom of her bag, looking forward to the party.",b,The brush was vertical.,mismatch,muraki2021,-5.7732175350189205,EleutherAI/pythia-2.8b,2775208960
8,crayon,a,The toddler drew a kitty cat with his crayon on his bedroom door.,a,The crayon was horizontal.,match,muraki2021,-3.127112228689449,EleutherAI/pythia-2.8b,2775208960
8,crayon,a,The toddler drew a kitty cat with his crayon on his bedroom door.,b,The crayon was vertical.,mismatch,muraki2021,-3.1306505647620986,EleutherAI/pythia-2.8b,2775208960
9,decoration,a,Laura threw the decoration in the drawer with the clothespin.,a,The decoration was horizontal.,match,muraki2021,-4.755401945114135,EleutherAI/pythia-2.8b,2775208960
9,decoration,a,Laura threw the decoration in the drawer with the clothespin.,b,The decoration was vertical.,mismatch,muraki2021,-5.10205340385437,EleutherAI/pythia-2.8b,2775208960
10,flashlight,a,The hunter shone the flashlight into the mouth of the cavern.,a,The flashlight was horizontal.,match,muraki2021,-3.8793892984588942,EleutherAI/pythia-2.8b,2775208960
10,flashlight,a,The hunter shone the flashlight into the mouth of the cavern.,b,The flashlight was vertical.,mismatch,muraki2021,-4.043808989226818,EleutherAI/pythia-2.8b,2775208960
11,fire extinguisher,a,The race car driver fastened the fire-extinguisher under his seat.,a,The fire extinguisher was horizontal.,match,muraki2021,-2.799879484111443,EleutherAI/pythia-2.8b,2775208960
11,fire extinguisher,a,The race car driver fastened the fire-extinguisher under his seat.,b,The fire extinguisher was vertical.,mismatch,muraki2021,-2.90360688441433,EleutherAI/pythia-2.8b,2775208960
12,glass,a,The waiter knocked over the wineglass while admiring Maureen's gown.,a,The glass was horizontal.,match,muraki2021,-5.015575838088989,EleutherAI/pythia-2.8b,2775208960
12,glass,a,The waiter knocked over the wineglass while admiring Maureen's gown.,b,The glass was vertical.,mismatch,muraki2021,-5.2384179592132565,EleutherAI/pythia-2.8b,2775208960
13,guitar,a,Mick strummed his guitar as he warmed up for the concert.,a,The guitar was horizontal.,match,muraki2021,-4.902421760559082,EleutherAI/pythia-2.8b,2775208960
13,guitar,a,Mick strummed his guitar as he warmed up for the concert.,b,The guitar was vertical.,mismatch,muraki2021,-4.877703666687012,EleutherAI/pythia-2.8b,2775208960
14,gun,a,Annie raised the gun to fire at the target.,a,The gun was horizontal.,match,muraki2021,-3.694674515724182,EleutherAI/pythia-2.8b,2775208960
14,gun,a,Annie raised the gun to fire at the target.,b,The gun was vertical.,mismatch,muraki2021,-3.7298833608627318,EleutherAI/pythia-2.8b,2775208960
15,iron,a,"Frank pressed the iron onto his pants, hoping he wouldn't be late.",a,The iron was horizontal.,match,muraki2021,-4.646500205993652,EleutherAI/pythia-2.8b,2775208960
15,iron,a,"Frank pressed the iron onto his pants, hoping he wouldn't be late.",b,The iron was vertical.,mismatch,muraki2021,-4.766110801696778,EleutherAI/pythia-2.8b,2775208960
16,key,a,The lab assistant put the key to the monkey cage in the lock.,a,The key was horizontal.,match,muraki2021,-4.388030195236206,EleutherAI/pythia-2.8b,2775208960
16,key,a,The lab assistant put the key to the monkey cage in the lock.,b,The key was vertical.,mismatch,muraki2021,-4.523816442489624,EleutherAI/pythia-2.8b,2775208960
17,nail,a,The carpenter hammered the nail into the wall.,a,The nail was horizontal.,match,muraki2021,-3.8017976760864256,EleutherAI/pythia-2.8b,2775208960
17,nail,a,The carpenter hammered the nail into the wall.,b,The nail was vertical.,mismatch,muraki2021,-3.6537362575531005,EleutherAI/pythia-2.8b,2775208960
18,pen,a,The accountant stuck his pen behind his ear.,a,The pen was horizontal.,match,muraki2021,-4.5460511445999146,EleutherAI/pythia-2.8b,2775208960
18,pen,a,The accountant stuck his pen behind his ear.,b,The pen was vertical.,mismatch,muraki2021,-4.497026371955871,EleutherAI/pythia-2.8b,2775208960
19,pencil,a,Rick hurriedly stuck his pencil in the desk drawer.,a,The pencil was horizontal.,match,muraki2021,-4.329026389122009,EleutherAI/pythia-2.8b,2775208960
19,pencil,a,Rick hurriedly stuck his pencil in the desk drawer.,b,The pencil was vertical.,mismatch,muraki2021,-4.4259398698806764,EleutherAI/pythia-2.8b,2775208960
20,plate,a,Sara situated the expensive plate on its mat on the table.,a,The plate was horizontal.,match,muraki2021,-3.712648093700409,EleutherAI/pythia-2.8b,2775208960
20,plate,a,Sara situated the expensive plate on its mat on the table.,b,The plate was vertical.,mismatch,muraki2021,-3.8760505080223084,EleutherAI/pythia-2.8b,2775208960
21,salt shaker,a,The anxious little boy knocked the salt shaker over onto the table.,a,The salt shaker was horizontal.,match,muraki2021,-3.376634524336883,EleutherAI/pythia-2.8b,2775208960
21,salt shaker,a,The anxious little boy knocked the salt shaker over onto the table.,b,The salt shaker was vertical.,mismatch,muraki2021,-3.625313770558153,EleutherAI/pythia-2.8b,2775208960
22,pair of scissors,a,Becca used the scissors to carve her initials into the tree.,a,The pair of scissors was horizontal.,match,muraki2021,-4.142503845971078,EleutherAI/pythia-2.8b,2775208960
22,pair of scissors,a,Becca used the scissors to carve her initials into the tree.,b,The pair of scissors was vertical.,mismatch,muraki2021,-4.186566698830575,EleutherAI/pythia-2.8b,2775208960
23,screw,a,Jim prepared to insert the screw into the side of the cabinet.,a,The screw was horizontal.,match,muraki2021,-3.656130886077881,EleutherAI/pythia-2.8b,2775208960
23,screw,a,Jim prepared to insert the screw into the side of the cabinet.,b,The screw was vertical.,mismatch,muraki2021,-3.5518178939819336,EleutherAI/pythia-2.8b,2775208960
24,wheel,a,The young husband prepared to place the spare tire into the trunk.,a,The wheel was horizontal.,match,muraki2021,-4.249550247192383,EleutherAI/pythia-2.8b,2775208960
24,wheel,a,The young husband prepared to place the spare tire into the trunk.,b,The wheel was vertical.,mismatch,muraki2021,-4.33625226020813,EleutherAI/pythia-2.8b,2775208960
1,axe,b,The lumberjack left his axe sticking in the side of the stump after winning the axe toss.,a,The axe was horizontal.,mismatch,muraki2021,-4.077760934829712,EleutherAI/pythia-2.8b,2775208960
1,axe,b,The lumberjack left his axe sticking in the side of the stump after winning the axe toss.,b,The axe was vertical.,match,muraki2021,-4.015860748291016,EleutherAI/pythia-2.8b,2775208960
2,bat,b,Derek held his bat high as the ball approached.,a,The bat was horizontal.,mismatch,muraki2021,-3.806552791595459,EleutherAI/pythia-2.8b,2775208960
2,bat,b,Derek held his bat high as the ball approached.,b,The bat was vertical.,match,muraki2021,-3.697757625579834,EleutherAI/pythia-2.8b,2775208960
3,book,b,The librarian put the book back on the shelf.,a,The book was horizontal.,mismatch,muraki2021,-4.510837078094482,EleutherAI/pythia-2.8b,2775208960
3,book,b,The librarian put the book back on the shelf.,b,The book was vertical.,match,muraki2021,-4.451844644546509,EleutherAI/pythia-2.8b,2775208960
4,bottle,b,"Jessica stuck the bottle in the ice, anticipating a romantic evening.",a,The bottle was horizontal.,mismatch,muraki2021,-4.233044862747192,EleutherAI/pythia-2.8b,2775208960
4,bottle,b,"Jessica stuck the bottle in the ice, anticipating a romantic evening.",b,The bottle was vertical.,match,muraki2021,-4.2870313167572025,EleutherAI/pythia-2.8b,2775208960
5,bowl,b,James placed the bowl into an open slot in the dishwasher.,a,The bowl was horizontal.,mismatch,muraki2021,-3.4505934953689574,EleutherAI/pythia-2.8b,2775208960
5,bowl,b,James placed the bowl into an open slot in the dishwasher.,b,The bowl was vertical.,match,muraki2021,-3.5132684469223023,EleutherAI/pythia-2.8b,2775208960
6,broom,b,"Janie grabbed the broom and swept the house, pretending she was Cinderella.",a,The broom was horizontal.,mismatch,muraki2021,-3.607934228144586,EleutherAI/pythia-2.8b,2775208960
6,broom,b,"Janie grabbed the broom and swept the house, pretending she was Cinderella.",b,The broom was vertical.,match,muraki2021,-3.656854899289707,EleutherAI/pythia-2.8b,2775208960
7,brush,b,"The teenager held her brush up like a microphone, pretending to be a famous rock star.",a,The brush was horizontal.,mismatch,muraki2021,-4.781697177886963,EleutherAI/pythia-2.8b,2775208960
7,brush,b,"The teenager held her brush up like a microphone, pretending to be a famous rock star.",b,The brush was vertical.,match,muraki2021,-4.79608941078186,EleutherAI/pythia-2.8b,2775208960
8,crayon,b,The toddler drew a kitty cat with his crayon on his bedroom floor.,a,The crayon was horizontal.,mismatch,muraki2021,-3.198164800448077,EleutherAI/pythia-2.8b,2775208960
8,crayon,b,The toddler drew a kitty cat with his crayon on his bedroom floor.,b,The crayon was vertical.,match,muraki2021,-3.2053675960217203,EleutherAI/pythia-2.8b,2775208960
9,decoration,b,Laura hung the decoration on the line with the clothespin.,a,The decoration was horizontal.,mismatch,muraki2021,-4.3448199272155765,EleutherAI/pythia-2.8b,2775208960
9,decoration,b,Laura hung the decoration on the line with the clothespin.,b,The decoration was vertical.,match,muraki2021,-4.500700235366821,EleutherAI/pythia-2.8b,2775208960
10,flashlight,b,The hunter shone the flashlight onto the floor of the cavern.,a,The flashlight was horizontal.,mismatch,muraki2021,-3.7855443259080253,EleutherAI/pythia-2.8b,2775208960
10,flashlight,b,The hunter shone the flashlight onto the floor of the cavern.,b,The flashlight was vertical.,match,muraki2021,-3.9856830537319183,EleutherAI/pythia-2.8b,2775208960
11,fire extinguisher,b,The race car driver fastened the fire-extinguisher onto the garage wall.,a,The fire extinguisher was horizontal.,mismatch,muraki2021,-2.663861816516146,EleutherAI/pythia-2.8b,2775208960
11,fire extinguisher,b,The race car driver fastened the fire-extinguisher onto the garage wall.,b,The fire extinguisher was vertical.,match,muraki2021,-2.733443951001391,EleutherAI/pythia-2.8b,2775208960
12,glass,b,The waiter filled the wineglass while admiring Maureen's gown.,a,The glass was horizontal.,mismatch,muraki2021,-5.03829185962677,EleutherAI/pythia-2.8b,2775208960
12,glass,b,The waiter filled the wineglass while admiring Maureen's gown.,b,The glass was vertical.,match,muraki2021,-5.003309655189514,EleutherAI/pythia-2.8b,2775208960
13,guitar,b,Mick set his guitar on the rack as he warmed up for the concert.,a,The guitar was horizontal.,mismatch,muraki2021,-4.634818696975708,EleutherAI/pythia-2.8b,2775208960
13,guitar,b,Mick set his guitar on the rack as he warmed up for the concert.,b,The guitar was vertical.,match,muraki2021,-4.575124597549438,EleutherAI/pythia-2.8b,2775208960
14,gun,b,Annie lowered the gun to place it in the holster.,a,The gun was horizontal.,mismatch,muraki2021,-3.8417338967323302,EleutherAI/pythia-2.8b,2775208960
14,gun,b,Annie lowered the gun to place it in the holster.,b,The gun was vertical.,match,muraki2021,-3.8433307290077208,EleutherAI/pythia-2.8b,2775208960
15,iron,b,"Frank placed the iron onto the shelf, hoping he wouldn't be late.",a,The iron was horizontal.,mismatch,muraki2021,-4.144390368461609,EleutherAI/pythia-2.8b,2775208960
15,iron,b,"Frank placed the iron onto the shelf, hoping he wouldn't be late.",b,The iron was vertical.,match,muraki2021,-4.215389323234558,EleutherAI/pythia-2.8b,2775208960
16,key,b,The lab assistant put the key to the monkey cage on the hook.,a,The key was horizontal.,mismatch,muraki2021,-4.034279942512512,EleutherAI/pythia-2.8b,2775208960
16,key,b,The lab assistant put the key to the monkey cage on the hook.,b,The key was vertical.,match,muraki2021,-4.1188760757446286,EleutherAI/pythia-2.8b,2775208960
17,nail,b,The carpenter hammered the nail into the floor plank.,a,The nail was horizontal.,mismatch,muraki2021,-3.7821411371231077,EleutherAI/pythia-2.8b,2775208960
17,nail,b,The carpenter hammered the nail into the floor plank.,b,The nail was vertical.,match,muraki2021,-3.6455757141113283,EleutherAI/pythia-2.8b,2775208960
18,pen,b,The accountant stuck his pen into his pocket protector.,a,The pen was horizontal.,mismatch,muraki2021,-4.156634783744812,EleutherAI/pythia-2.8b,2775208960
18,pen,b,The accountant stuck his pen into his pocket protector.,b,The pen was vertical.,match,muraki2021,-4.19984929561615,EleutherAI/pythia-2.8b,2775208960
19,pencil,b,Rick hurriedly stuck his pencil in the coffee mug.,a,The pencil was horizontal.,mismatch,muraki2021,-4.384415340423584,EleutherAI/pythia-2.8b,2775208960
19,pencil,b,Rick hurriedly stuck his pencil in the coffee mug.,b,The pencil was vertical.,match,muraki2021,-4.504426884651184,EleutherAI/pythia-2.8b,2775208960
20,plate,b,Sara situated the expensive plate on its holder on the shelf.,a,The plate was horizontal.,mismatch,muraki2021,-3.5272219300270082,EleutherAI/pythia-2.8b,2775208960
20,plate,b,Sara situated the expensive plate on its holder on the shelf.,b,The plate was vertical.,match,muraki2021,-3.6587299704551697,EleutherAI/pythia-2.8b,2775208960
21,salt shaker,b,The anxious little boy placed the salt shaker onto the table.,a,The salt shaker was horizontal.,mismatch,muraki2021,-2.663433617912233,EleutherAI/pythia-2.8b,2775208960
21,salt shaker,b,The anxious little boy placed the salt shaker onto the table.,b,The salt shaker was vertical.,match,muraki2021,-2.7258086014272913,EleutherAI/pythia-2.8b,2775208960
22,pair of scissors,b,Becca used the scissors to carve her initials into the wet concrete.,a,The pair of scissors was horizontal.,mismatch,muraki2021,-4.153042903053574,EleutherAI/pythia-2.8b,2775208960
22,pair of scissors,b,Becca used the scissors to carve her initials into the wet concrete.,b,The pair of scissors was vertical.,match,muraki2021,-4.206975301611237,EleutherAI/pythia-2.8b,2775208960
23,screw,b,Jim prepared to insert the screw into the top of the cabinet.,a,The screw was horizontal.,mismatch,muraki2021,-3.6207305431365966,EleutherAI/pythia-2.8b,2775208960
23,screw,b,Jim prepared to insert the screw into the top of the cabinet.,b,The screw was vertical.,match,muraki2021,-3.490531635284424,EleutherAI/pythia-2.8b,2775208960
24,wheel,b,The young husband prepared to place the spare tire onto the wheel.,a,The wheel was horizontal.,mismatch,muraki2021,-3.5142682790756226,EleutherAI/pythia-2.8b,2775208960
24,wheel,b,The young husband prepared to place the spare tire onto the wheel.,b,The wheel was vertical.,match,muraki2021,-3.611665654182434,EleutherAI/pythia-2.8b,2775208960
1,steak,a,John looked at the steak on his plate.,a,The steak was brown.,match,connell2007,-2.9567022204399107,EleutherAI/pythia-2.8b,2775208960
1,steak,a,John looked at the steak on his plate.,b,The steak was red.,mismatch,connell2007,-2.8696970343589783,EleutherAI/pythia-2.8b,2775208960
2,traffic light,a,The driving instructor told Bob to stop at the traffic lights.,a,The traffic light was light red.,match,connell2007,-2.7398891619273593,EleutherAI/pythia-2.8b,2775208960
2,traffic light,a,The driving instructor told Bob to stop at the traffic lights.,b,The traffic light was light green.,mismatch,connell2007,-2.6761975969587053,EleutherAI/pythia-2.8b,2775208960
3,tomato,a,Jane tasted the tomato when it was ready to eat.,a,The tomato was red.,match,connell2007,-2.830689001083374,EleutherAI/pythia-2.8b,2775208960
3,tomato,a,Jane tasted the tomato when it was ready to eat.,b,The tomato was green.,mismatch,connell2007,-3.0300207138061523,EleutherAI/pythia-2.8b,2775208960
4,tree,a,Paula thought the tree outside her window looked beautiful in the summer.,a,The tree was green.,match,connell2007,-3.336286687850952,EleutherAI/pythia-2.8b,2775208960
4,tree,a,Paula thought the tree outside her window looked beautiful in the summer.,b,The tree was orange.,mismatch,connell2007,-3.5520363330841063,EleutherAI/pythia-2.8b,2775208960
5,hair,a,Susan liked it when her granddaughter wore her hair up.,a,The hair was brown.,match,connell2007,-3.4580651760101317,EleutherAI/pythia-2.8b,2775208960
5,hair,a,Susan liked it when her granddaughter wore her hair up.,b,The hair was grey.,mismatch,connell2007,-3.9868422508239747,EleutherAI/pythia-2.8b,2775208960
6,bear,a,Joe was excited to see a bear in the woods.,a,The bear was brown.,match,connell2007,-3.1437190055847166,EleutherAI/pythia-2.8b,2775208960
6,bear,a,Joe was excited to see a bear in the woods.,b,The bear was white.,mismatch,connell2007,-3.061263370513916,EleutherAI/pythia-2.8b,2775208960
7,leaf,a,Sarah stopped in the woods to pick a leaf off a tree.,a,The leaf was green.,match,connell2007,-2.4116478085517885,EleutherAI/pythia-2.8b,2775208960
7,leaf,a,Sarah stopped in the woods to pick a leaf off a tree.,b,The leaf was orange.,mismatch,connell2007,-3.021889936923981,EleutherAI/pythia-2.8b,2775208960
8,lamb,a,Anna found it very easy to spot the lamb in the dark grass.,a,The lamb was white.,match,connell2007,-3.0033112287521364,EleutherAI/pythia-2.8b,2775208960
8,lamb,a,Anna found it very easy to spot the lamb in the dark grass.,b,The lamb was black.,mismatch,connell2007,-3.0028473138809204,EleutherAI/pythia-2.8b,2775208960
9,bananas,a,The bananas that Mark bought looked ready to eat.,a,The bananas were yellow.,match,connell2007,-2.449554140175072,EleutherAI/pythia-2.8b,2775208960
9,bananas,a,The bananas that Mark bought looked ready to eat.,b,The bananas were green.,mismatch,connell2007,-2.247335647349246,EleutherAI/pythia-2.8b,2775208960
10,coffee,a,Joanne always took milk in her coffee.,a,The coffee was brown.,match,connell2007,-3.059098815917969,EleutherAI/pythia-2.8b,2775208960
10,coffee,a,Joanne always took milk in her coffee.,b,The coffee was black.,mismatch,connell2007,-2.7284421920776367,EleutherAI/pythia-2.8b,2775208960
11,sky,a,The children watched the seagulls fly across the sky in the sunshine.,a,The sky was blue.,match,connell2007,-2.013752889633179,EleutherAI/pythia-2.8b,2775208960
11,sky,a,The children watched the seagulls fly across the sky in the sunshine.,b,The sky was grey.,mismatch,connell2007,-2.7897177219390867,EleutherAI/pythia-2.8b,2775208960
12,chameleon,a,The teacher pointed to the chameleon lying camouflaged in the grass.,a,The chameleon was green.,match,connell2007,-1.8080591712678142,EleutherAI/pythia-2.8b,2775208960
12,chameleon,a,The teacher pointed to the chameleon lying camouflaged in the grass.,b,The chameleon was yellow.,mismatch,connell2007,-1.9441800568783947,EleutherAI/pythia-2.8b,2775208960
1,steak,b,John looked at the steak in the butcher’s window.,a,The steak was brown.,mismatch,connell2007,-2.870793318748474,EleutherAI/pythia-2.8b,2775208960
1,steak,b,John looked at the steak in the butcher’s window.,b,The steak was red.,match,connell2007,-2.60363233089447,EleutherAI/pythia-2.8b,2775208960
2,traffic light,b,The driving instructor told Bob to continue at the traffic lights.,a,The traffic light was light red.,mismatch,connell2007,-2.9020350064550127,EleutherAI/pythia-2.8b,2775208960
2,traffic light,b,The driving instructor told Bob to continue at the traffic lights.,b,The traffic light was light green.,match,connell2007,-2.8126899770327976,EleutherAI/pythia-2.8b,2775208960
3,tomato,b,Jane tasted the tomato before it was ready to eat.,a,The tomato was red.,mismatch,connell2007,-2.9791426420211793,EleutherAI/pythia-2.8b,2775208960
3,tomato,b,Jane tasted the tomato before it was ready to eat.,b,The tomato was green.,match,connell2007,-3.009953570365906,EleutherAI/pythia-2.8b,2775208960
4,tree,b,Paula thought the tree outside her window looked beautiful in the autumn.,a,The tree was green.,mismatch,connell2007,-3.58888041973114,EleutherAI/pythia-2.8b,2775208960
4,tree,b,Paula thought the tree outside her window looked beautiful in the autumn.,b,The tree was orange.,match,connell2007,-3.5913378953933717,EleutherAI/pythia-2.8b,2775208960
5,hair,b,Susan liked it when her grandmother wore her hair up.,a,The hair was brown.,mismatch,connell2007,-3.4315390825271606,EleutherAI/pythia-2.8b,2775208960
5,hair,b,Susan liked it when her grandmother wore her hair up.,b,The hair was grey.,match,connell2007,-3.8224907159805297,EleutherAI/pythia-2.8b,2775208960
6,bear,b,Joe was excited to see a bear at the north pole.,a,The bear was brown.,mismatch,connell2007,-3.206538200378418,EleutherAI/pythia-2.8b,2775208960
6,bear,b,Joe was excited to see a bear at the north pole.,b,The bear was white.,match,connell2007,-2.934770345687866,EleutherAI/pythia-2.8b,2775208960
7,leaf,b,Sarah stopped in the woods to pick a leaf off the ground.,a,The leaf was green.,mismatch,connell2007,-2.4108232975006105,EleutherAI/pythia-2.8b,2775208960
7,leaf,b,Sarah stopped in the woods to pick a leaf off the ground.,b,The leaf was orange.,match,connell2007,-3.0364130258560182,EleutherAI/pythia-2.8b,2775208960
8,lamb,b,Anna found it very difficult to spot the lamb in the dark grass.,a,The lamb was white.,mismatch,connell2007,-3.237064170837402,EleutherAI/pythia-2.8b,2775208960
8,lamb,b,Anna found it very difficult to spot the lamb in the dark grass.,b,The lamb was black.,match,connell2007,-3.1291083335876464,EleutherAI/pythia-2.8b,2775208960
9,bananas,b,The bananas that Mark bought didn't look ready to eat.,a,The bananas were yellow.,mismatch,connell2007,-2.4057489442639053,EleutherAI/pythia-2.8b,2775208960
9,bananas,b,The bananas that Mark bought didn't look ready to eat.,b,The bananas were green.,match,connell2007,-2.042887152017405,EleutherAI/pythia-2.8b,2775208960
10,coffee,b,Joanne never took milk in her coffee.,a,The coffee was brown.,mismatch,connell2007,-2.966150629520416,EleutherAI/pythia-2.8b,2775208960
10,coffee,b,Joanne never took milk in her coffee.,b,The coffee was black.,match,connell2007,-2.571839392185211,EleutherAI/pythia-2.8b,2775208960
11,sky,b,The children watched the seagulls fly across the sky in the rain.,a,The sky was blue.,mismatch,connell2007,-2.3961370944976808,EleutherAI/pythia-2.8b,2775208960
11,sky,b,The children watched the seagulls fly across the sky in the rain.,b,The sky was grey.,match,connell2007,-2.3203547477722166,EleutherAI/pythia-2.8b,2775208960
12,chameleon,b,The teacher pointed to the chameleon lying camouflaged in the sand.,a,The chameleon was green.,mismatch,connell2007,-1.814880207140959,EleutherAI/pythia-2.8b,2775208960
12,chameleon,b,The teacher pointed to the chameleon lying camouflaged in the sand.,b,The chameleon was yellow.,match,connell2007,-1.9480583518343337,EleutherAI/pythia-2.8b,2775208960
35,airplane,a,There was an airplane in the hangar.,a,The airplane's wheels were down.,match,pecher2006,-2.627861729690007,EleutherAI/pythia-2.8b,2775208960
35,airplane,a,There was an airplane in the hangar.,b,The airplane's wheels were retracted.,mismatch,pecher2006,-2.7817692328244448,EleutherAI/pythia-2.8b,2775208960
53,apple,a,There was an apple in the bag.,a,The apple was whole.,match,pecher2006,-2.7438862681388856,EleutherAI/pythia-2.8b,2775208960
53,apple,a,There was an apple in the bag.,b,The apple was sliced.,mismatch,pecher2006,-2.89480836391449,EleutherAI/pythia-2.8b,2775208960
1,apple pie,a,There was apple pie on the table.,a,The apple pie was whole.,match,pecher2006,-2.8808638552824655,EleutherAI/pythia-2.8b,2775208960
1,apple pie,a,There was apple pie on the table.,b,The apple pie was sliced.,mismatch,pecher2006,-2.6260872383912406,EleutherAI/pythia-2.8b,2775208960
21,avocado,a,There was an avocado in the crate.,a,The avocado was whole.,match,pecher2006,-2.2184802033007145,EleutherAI/pythia-2.8b,2775208960
21,avocado,a,There was an avocado in the crate.,b,The avocado was slided.,mismatch,pecher2006,-3.5574080081922665,EleutherAI/pythia-2.8b,2775208960
39,balloon,a,There was a balloon in the pack.,a,The balloon was deflated.,match,pecher2006,-1.7714543417096138,EleutherAI/pythia-2.8b,2775208960
39,balloon,a,There was a balloon in the pack.,b,The balloon was inflated.,mismatch,pecher2006,-1.9621090412139892,EleutherAI/pythia-2.8b,2775208960
32,banana,a,There was a banana on the counter.,a,The banana was whole.,match,pecher2006,-2.930742871761322,EleutherAI/pythia-2.8b,2775208960
32,banana,a,There was a banana on the counter.,b,The banana was sliced.,mismatch,pecher2006,-3.018737232685089,EleutherAI/pythia-2.8b,2775208960
47,book,a,There was a book on the shelf.,a,The book was closed.,match,pecher2006,-2.0268086552619935,EleutherAI/pythia-2.8b,2775208960
47,book,a,There was a book on the shelf.,b,The book was open.,mismatch,pecher2006,-2.013217508792877,EleutherAI/pythia-2.8b,2775208960
40,bread,a,There was bread in the bakery window.,a,The bread was in a loaf.,match,pecher2006,-2.472094646521977,EleutherAI/pythia-2.8b,2775208960
40,bread,a,There was bread in the bakery window.,b,The bread was in a slice.,mismatch,pecher2006,-2.9216806292533875,EleutherAI/pythia-2.8b,2775208960
12,carrot,a,There was a carrot in the garden.,a,The carrot was whole.,match,pecher2006,-3.174576687812805,EleutherAI/pythia-2.8b,2775208960
12,carrot,a,There was a carrot in the garden.,b,The carrot was sliced.,mismatch,pecher2006,-3.194814372062683,EleutherAI/pythia-2.8b,2775208960
28,cheesecake,a,There was cheesecake for the party.,a,The cheesecake was whole.,match,pecher2006,-2.8357831427960525,EleutherAI/pythia-2.8b,2775208960
28,cheesecake,a,There was cheesecake for the party.,b,The cheesecake was sliced.,mismatch,pecher2006,-2.4641596607730856,EleutherAI/pythia-2.8b,2775208960
36,chicken,a,There was a chicken in the coop.,a,The chicken was alive.,match,pecher2006,-2.195617747306824,EleutherAI/pythia-2.8b,2775208960
36,chicken,a,There was a chicken in the coop.,b,The chicken was plucked.,mismatch,pecher2006,-2.4870142936706543,EleutherAI/pythia-2.8b,2775208960
54,cigarette,a,There was a cigarette in the box.,a,The cigarette was intact.,match,pecher2006,-3.2068858981132506,EleutherAI/pythia-2.8b,2775208960
54,cigarette,a,There was a cigarette in the box.,b,The cigarette was crushed.,mismatch,pecher2006,-2.7625670552253725,EleutherAI/pythia-2.8b,2775208960
7,coat,a,There was a coat on the rack.,a,The coat was hanging.,match,pecher2006,-2.8415881276130674,EleutherAI/pythia-2.8b,2775208960
7,coat,a,There was a coat on the rack.,b,The coat was crumpled.,mismatch,pecher2006,-1.8815089207741298,EleutherAI/pythia-2.8b,2775208960
55,corn,a,There was corn in the field.,a,The corn was on the cob,match,pecher2006,-2.7888522148132324,EleutherAI/pythia-2.8b,2775208960
55,corn,a,There was corn in the field.,b,The corn was off the cob.,mismatch,pecher2006,-2.9408747383526395,EleutherAI/pythia-2.8b,2775208960
18,cucumber,a,There was a cucumber in the fridge.,a,The cucumber was whole.,match,pecher2006,-2.52548523619771,EleutherAI/pythia-2.8b,2775208960
18,cucumber,a,There was a cucumber in the fridge.,b,The cucumber was sliced.,mismatch,pecher2006,-2.3183002658188343,EleutherAI/pythia-2.8b,2775208960
56,eagle,a,There was an eagle in the nest.,a,The eagle's wings were folded.,match,pecher2006,-2.184990508215768,EleutherAI/pythia-2.8b,2775208960
56,eagle,a,There was an eagle in the nest.,b,The eagle's wings were outstretched.,mismatch,pecher2006,-1.8933921181079414,EleutherAI/pythia-2.8b,2775208960
41,egg,a,There was an egg in the refrigerator.,a,The egg was whole.,match,pecher2006,-2.5459760427474976,EleutherAI/pythia-2.8b,2775208960
41,egg,a,There was an egg in the refrigerator.,b,The egg was frying.,mismatch,pecher2006,-3.3220076680183412,EleutherAI/pythia-2.8b,2775208960
48,fish,a,There was a fish in the pond.,a,The fish was whole.,match,pecher2006,-3.086306941509247,EleutherAI/pythia-2.8b,2775208960
48,fish,a,There was a fish in the pond.,b,The fish was filetted.,mismatch,pecher2006,-3.7605567861880576,EleutherAI/pythia-2.8b,2775208960
22,frog,a,There was a frog in the field.,a,The frog's legs were folded.,match,pecher2006,-3.018886310713632,EleutherAI/pythia-2.8b,2775208960
22,frog,a,There was a frog in the field.,b,The frog's legs were outstretched.,mismatch,pecher2006,-2.4305348774780415,EleutherAI/pythia-2.8b,2775208960
13,garbage bag,a,There was a garbage bag in the cupboard.,a,The garbage bag was empty.,match,pecher2006,-1.6761445564528306,EleutherAI/pythia-2.8b,2775208960
13,garbage bag,a,There was a garbage bag in the cupboard.,b,The garbage bag was full.,mismatch,pecher2006,-1.7854054930309455,EleutherAI/pythia-2.8b,2775208960
14,goose,a,There was a goose in the field.,a,The goose's wings were folded.,match,pecher2006,-2.8160972722939084,EleutherAI/pythia-2.8b,2775208960
14,goose,a,There was a goose in the field.,b,The goose's wings were outstretched.,mismatch,pecher2006,-2.2767875643524653,EleutherAI/pythia-2.8b,2775208960
37,hockey,a,There was a hockey player on the ice.,a,The hockey player was standing.,match,pecher2006,-2.7227058857679367,EleutherAI/pythia-2.8b,2775208960
37,hockey,a,There was a hockey player on the ice.,b,The hockey player was sitting.,mismatch,pecher2006,-2.8378417938947678,EleutherAI/pythia-2.8b,2775208960
2,horse,a,There was a horse in the stable.,a,The horse was standing.,match,pecher2006,-2.5584307074546815,EleutherAI/pythia-2.8b,2775208960
2,horse,a,There was a horse in the stable.,b,The horse was sitting.,mismatch,pecher2006,-2.9005589842796327,EleutherAI/pythia-2.8b,2775208960
29,hose,a,There was a hose on the wall.,a,The hose was coiled.,match,pecher2006,-2.286205026010672,EleutherAI/pythia-2.8b,2775208960
29,hose,a,There was a hose on the wall.,b,The hose was extended.,mismatch,pecher2006,-3.0082061648368836,EleutherAI/pythia-2.8b,2775208960
15,ice,a,There was ice in the glass.,a,The ice was shaped into ice cubes.,match,pecher2006,-3.0410238578915596,EleutherAI/pythia-2.8b,2775208960
15,ice,a,There was ice in the glass.,b,The ice was shaped into icicles.,mismatch,pecher2006,-2.948355725267902,EleutherAI/pythia-2.8b,2775208960
33,ketchup,a,There was ketchup on the table.,a,The ketchup was in a bottle.,match,pecher2006,-1.6710928443353623,EleutherAI/pythia-2.8b,2775208960
33,ketchup,a,There was ketchup on the table.,b,The ketchup was in a dollop.,mismatch,pecher2006,-2.584564605052583,EleutherAI/pythia-2.8b,2775208960
19,lamp,a,There was a lamp on the floor.,a,The lamp was tall.,match,pecher2006,-2.9565183401107786,EleutherAI/pythia-2.8b,2775208960
19,lamp,a,There was a lamp on the floor.,b,The lamp was short.,mismatch,pecher2006,-3.0069922685623167,EleutherAI/pythia-2.8b,2775208960
49,lemon,a,There was a lemon in the tree.,a,The lemon was whole.,match,pecher2006,-2.8415968656539916,EleutherAI/pythia-2.8b,2775208960
49,lemon,a,There was a lemon in the tree.,b,The lemon was sliced.,mismatch,pecher2006,-2.9710943937301635,EleutherAI/pythia-2.8b,2775208960
38,lime,a,There was a lime in the produce section.,a,The lime was whole.,match,pecher2006,-3.5264297246932985,EleutherAI/pythia-2.8b,2775208960
38,lime,a,There was a lime in the produce section.,b,The lime was sliced.,mismatch,pecher2006,-3.684896636009216,EleutherAI/pythia-2.8b,2775208960
57,lobster,a,There was a lobster in the sea.,a,The lobster was whole.,match,pecher2006,-2.3877147398889065,EleutherAI/pythia-2.8b,2775208960
57,lobster,a,There was a lobster in the sea.,b,The lobster was in pieces.,mismatch,pecher2006,-2.369632512331009,EleutherAI/pythia-2.8b,2775208960
20,map,a,There was a map in the glove compartment.,a,The map was folded.,match,pecher2006,-2.4307400703430178,EleutherAI/pythia-2.8b,2775208960
20,map,a,There was a map in the glove compartment.,b,The map was spread out.,mismatch,pecher2006,-2.767092381914457,EleutherAI/pythia-2.8b,2775208960
8,match,a,There was a match in the box.,a,The match was fresh.,match,pecher2006,-3.7290061950683593,EleutherAI/pythia-2.8b,2775208960
8,match,a,There was a match in the box.,b,The match was burned.,mismatch,pecher2006,-3.4000314354896544,EleutherAI/pythia-2.8b,2775208960
42,mushroom,a,There was a mushroom in the forest.,a,The mushroom was whole.,match,pecher2006,-3.0461944341659546,EleutherAI/pythia-2.8b,2775208960
42,mushroom,a,There was a mushroom in the forest.,b,The mushroom was sliced.,mismatch,pecher2006,-3.2986464738845824,EleutherAI/pythia-2.8b,2775208960
43,newspaper,a,There was a newspaper on the driveway.,a,The newspaper was rolled up.,match,pecher2006,-2.5760173400243125,EleutherAI/pythia-2.8b,2775208960
43,newspaper,a,There was a newspaper on the driveway.,b,The newspaper was flat.,mismatch,pecher2006,-3.1502142667770388,EleutherAI/pythia-2.8b,2775208960
50,onion,a,There was an onion in the basket.,a,The onion was whole.,match,pecher2006,-2.711063504219055,EleutherAI/pythia-2.8b,2775208960
50,onion,a,There was an onion in the basket.,b,The onion was sliced.,mismatch,pecher2006,-2.7093449950218202,EleutherAI/pythia-2.8b,2775208960
9,owl,a,There was an owl in the barn.,a,The owl's wings were folded.,match,pecher2006,-2.2128507806919515,EleutherAI/pythia-2.8b,2775208960
9,owl,a,There was an owl in the barn.,b,The owl's wings were outstretched.,mismatch,pecher2006,-1.938985236454755,EleutherAI/pythia-2.8b,2775208960
23,paint,a,There was paint in the store.,a,The paint was in a can.,match,pecher2006,-2.026340126991272,EleutherAI/pythia-2.8b,2775208960
23,paint,a,There was paint in the store.,b,The paint was in a smear.,mismatch,pecher2006,-3.4333265679223195,EleutherAI/pythia-2.8b,2775208960
44,pineapple,a,There was a pineapple on the plant.,a,The pineapple was whole.,match,pecher2006,-2.521979263673226,EleutherAI/pythia-2.8b,2775208960
44,pineapple,a,There was a pineapple on the plant.,b,The pineapple was in chunks.,mismatch,pecher2006,-2.9891481154731343,EleutherAI/pythia-2.8b,2775208960
10,pumpkin,a,There was a pumpkin on the cart.,a,The pumpkin was whole.,match,pecher2006,-2.673241114616394,EleutherAI/pythia-2.8b,2775208960
10,pumpkin,a,There was a pumpkin on the cart.,b,The pumpkin was carved.,mismatch,pecher2006,-2.472670388221741,EleutherAI/pythia-2.8b,2775208960
45,sailboat,a,There was a sailboat on the trailer.,a,The sailboat's sails were down.,match,pecher2006,-2.3847933313809335,EleutherAI/pythia-2.8b,2775208960
45,sailboat,a,There was a sailboat on the trailer.,b,The sailboat's sails were up.,mismatch,pecher2006,-2.3351994804106653,EleutherAI/pythia-2.8b,2775208960
3,scarf,a,There was a scarf on the rack.,a,The scarf was hanging.,match,pecher2006,-3.1311055421829224,EleutherAI/pythia-2.8b,2775208960
3,scarf,a,There was a scarf on the rack.,b,The scarf was crumpled.,mismatch,pecher2006,-1.9871651388738039,EleutherAI/pythia-2.8b,2775208960
58,shirt,a,There was a shirt on the hanger.,a,The shirt was hanging.,match,pecher2006,-3.049116778373718,EleutherAI/pythia-2.8b,2775208960
58,shirt,a,There was a shirt on the hanger.,b,The shirt was folded.,mismatch,pecher2006,-2.43264102935791,EleutherAI/pythia-2.8b,2775208960
4,shoelace,a,There was a shoelace in the package.,a,The shoelace was coiled.,match,pecher2006,-1.9992478863568977,EleutherAI/pythia-2.8b,2775208960
4,shoelace,a,There was a shoelace in the package.,b,The shoelace was tied.,mismatch,pecher2006,-1.7306046879717283,EleutherAI/pythia-2.8b,2775208960
30,soap,a,There was soap in the dish.,a,The soap was in a bar.,match,pecher2006,-2.4741045917783464,EleutherAI/pythia-2.8b,2775208960
30,soap,a,There was soap in the dish.,b,The soap was in a lather.,mismatch,pecher2006,-2.4204096272587776,EleutherAI/pythia-2.8b,2775208960
59,spaghetti,a,There was spaghetti in the box.,a,The spaghetti was straight.,match,pecher2006,-2.2614319916714782,EleutherAI/pythia-2.8b,2775208960
59,spaghetti,a,There was spaghetti in the box.,b,The spaghetti was curvy.,mismatch,pecher2006,-2.309926300906227,EleutherAI/pythia-2.8b,2775208960
11,squid,a,There was a squid in the water.,a,The squid was alive.,match,pecher2006,-1.637202459697922,EleutherAI/pythia-2.8b,2775208960
11,squid,a,There was a squid in the water.,b,The squid was cooked.,mismatch,pecher2006,-2.4240846118579307,EleutherAI/pythia-2.8b,2775208960
5,staple,a,There was a staple in the machine.,a,The staple was U-shaped.,match,pecher2006,-2.635160462132522,EleutherAI/pythia-2.8b,2775208960
5,staple,a,There was a staple in the machine.,b,The staple was clamped inward.,mismatch,pecher2006,-3.8853956716401234,EleutherAI/pythia-2.8b,2775208960
26,sugar,a,There was sugar on the table.,a,The sugar was in a dispenser.,match,pecher2006,-2.731596283716499,EleutherAI/pythia-2.8b,2775208960
26,sugar,a,There was sugar on the table.,b,The sugar was in a heap.,mismatch,pecher2006,-2.8897257276943753,EleutherAI/pythia-2.8b,2775208960
16,swiss knife,a,There was a swiss knife in his pocket.,a,The swiss knife was closed.,match,pecher2006,-2.3754230861419012,EleutherAI/pythia-2.8b,2775208960
16,swiss knife,a,There was a swiss knife in his pocket.,b,The swiss knife was open.,mismatch,pecher2006,-2.16140897319253,EleutherAI/pythia-2.8b,2775208960
31,tape,a,There was tape on the shelf.,a,There tape was on a roll.,match,pecher2006,-3.7247646876743863,EleutherAI/pythia-2.8b,2775208960
31,tape,a,There was tape on the shelf.,b,The tape was in a strip.,mismatch,pecher2006,-2.531157297747476,EleutherAI/pythia-2.8b,2775208960
27,tinfoil,a,There was tinfoil in the drawer.,a,The tinfoil was rolled up.,match,pecher2006,-1.978802639976493,EleutherAI/pythia-2.8b,2775208960
27,tinfoil,a,There was tinfoil in the drawer.,b,The tinfoil was crumpled up.,mismatch,pecher2006,-1.6247309654136188,EleutherAI/pythia-2.8b,2775208960
60,tissue,a,There was a tissue in the box.,a,The tissue was rectangular.,match,pecher2006,-3.41607061624527,EleutherAI/pythia-2.8b,2775208960
60,tissue,a,There was a tissue in the box.,b,The tissue was balled up.,mismatch,pecher2006,-2.373081861063838,EleutherAI/pythia-2.8b,2775208960
46,tomato,a,There was a tomato on the vine.,a,The tomato was whole.,match,pecher2006,-2.894091856479645,EleutherAI/pythia-2.8b,2775208960
46,tomato,a,There was a tomato on the vine.,b,The tomato was sliced.,mismatch,pecher2006,-3.0746203541755674,EleutherAI/pythia-2.8b,2775208960
51,towel,a,There was a towel on the floor.,a,The towel was crumpled.,match,pecher2006,-1.8199290990929253,EleutherAI/pythia-2.8b,2775208960
51,towel,a,There was a towel on the floor.,b,The towel was hanging.,mismatch,pecher2006,-3.4917662143707275,EleutherAI/pythia-2.8b,2775208960
17,umbrella,a,There was an umbrella in her bag.,a,The umbrella was closed.,match,pecher2006,-2.540843057632446,EleutherAI/pythia-2.8b,2775208960
17,umbrella,a,There was an umbrella in her bag.,b,The umbrella was open.,mismatch,pecher2006,-2.3998737931251526,EleutherAI/pythia-2.8b,2775208960
24,walnut,a,There was a walnut on the tree.,a,The walnut was whole.,match,pecher2006,-2.437420758108298,EleutherAI/pythia-2.8b,2775208960
24,walnut,a,There was a walnut on the tree.,b,The walnut was chopped.,mismatch,pecher2006,-2.624391925831636,EleutherAI/pythia-2.8b,2775208960
52,watermelon,a,There was a watermelon in the garden.,a,The watermelon was whole.,match,pecher2006,-2.3677299643556275,EleutherAI/pythia-2.8b,2775208960
52,watermelon,a,There was a watermelon in the garden.,b,The watermelon was sliced.,mismatch,pecher2006,-2.346854917705059,EleutherAI/pythia-2.8b,2775208960
6,wheat,a,There was wheat in the field.,a,The wheat was in stalks.,match,pecher2006,-2.6019069445153167,EleutherAI/pythia-2.8b,2775208960
6,wheat,a,There was wheat in the field.,b,The wheat was in grains.,mismatch,pecher2006,-3.781723439693451,EleutherAI/pythia-2.8b,2775208960
34,wool,a,There was wool in the basket.,a,The wool was in a ball.,match,pecher2006,-2.3352932248796736,EleutherAI/pythia-2.8b,2775208960
34,wool,a,There was wool in the basket.,b,The wool was knitted.,mismatch,pecher2006,-2.4903830885887146,EleutherAI/pythia-2.8b,2775208960
25,zodiac,a,There was a zodiac in the ocean.,a,The zodiac was deflated.,match,pecher2006,-2.287275312075508,EleutherAI/pythia-2.8b,2775208960
25,zodiac,a,There was a zodiac in the ocean.,b,The zodiac was inflated.,mismatch,pecher2006,-2.458942632140991,EleutherAI/pythia-2.8b,2775208960
35,airplane,b,There was an airplane in the sky.,a,The airplane's wheels were down.,mismatch,pecher2006,-3.0050408925328935,EleutherAI/pythia-2.8b,2775208960
35,airplane,b,There was an airplane in the sky.,b,The airplane's wheels were retracted.,match,pecher2006,-3.1517435759305954,EleutherAI/pythia-2.8b,2775208960
53,apple,b,There was apple in the salad.,a,The apple was whole.,mismatch,pecher2006,-2.993417131900787,EleutherAI/pythia-2.8b,2775208960
53,apple,b,There was apple in the salad.,b,The apple was sliced.,match,pecher2006,-2.7693747878074646,EleutherAI/pythia-2.8b,2775208960
1,apple pie,b,There was apple pie on the plate.,a,The apple pie was whole.,mismatch,pecher2006,-2.886371230085691,EleutherAI/pythia-2.8b,2775208960
1,apple pie,b,There was apple pie on the plate.,b,The apple pie was sliced.,match,pecher2006,-2.6042052259047828,EleutherAI/pythia-2.8b,2775208960
21,avocado,b,There was avocado in the dish.,a,The avocado was whole.,mismatch,pecher2006,-2.44880652676026,EleutherAI/pythia-2.8b,2775208960
21,avocado,b,There was avocado in the dish.,b,The avocado was slided.,match,pecher2006,-3.8502379677125385,EleutherAI/pythia-2.8b,2775208960
39,balloon,b,There was a balloon in the air.,a,The balloon was deflated.,mismatch,pecher2006,-1.962808499733607,EleutherAI/pythia-2.8b,2775208960
39,balloon,b,There was a balloon in the air.,b,The balloon was inflated.,match,pecher2006,-2.277161431312561,EleutherAI/pythia-2.8b,2775208960
32,banana,b,There was banana on the pancake.,a,The banana was whole.,mismatch,pecher2006,-2.8819042921066282,EleutherAI/pythia-2.8b,2775208960
32,banana,b,There was banana on the pancake.,b,The banana was sliced.,match,pecher2006,-2.802477014064789,EleutherAI/pythia-2.8b,2775208960
47,book,b,There was a book on the photocopier.,a,The book was closed.,mismatch,pecher2006,-2.486129415035248,EleutherAI/pythia-2.8b,2775208960
47,book,b,There was a book on the photocopier.,b,The book was open.,match,pecher2006,-2.5413191318511963,EleutherAI/pythia-2.8b,2775208960
40,bread,b,There was bread in the toaster.,a,The bread was in a loaf.,mismatch,pecher2006,-2.374361412865775,EleutherAI/pythia-2.8b,2775208960
40,bread,b,There was bread in the toaster.,b,The bread was in a slice.,match,pecher2006,-2.7683030366897583,EleutherAI/pythia-2.8b,2775208960
12,carrot,b,There was carrot in the curry.,a,The carrot was whole.,mismatch,pecher2006,-3.1158658266067505,EleutherAI/pythia-2.8b,2775208960
12,carrot,b,There was carrot in the curry.,b,The carrot was sliced.,match,pecher2006,-3.135956358909607,EleutherAI/pythia-2.8b,2775208960
28,cheesecake,b,There was cheesecake for the guest.,a,The cheesecake was whole.,mismatch,pecher2006,-2.9637441641451523,EleutherAI/pythia-2.8b,2775208960
28,cheesecake,b,There was cheesecake for the guest.,b,The cheesecake was sliced.,match,pecher2006,-2.517593077882858,EleutherAI/pythia-2.8b,2775208960
36,chicken,b,There was chicken in the oven.,a,The chicken was alive.,mismatch,pecher2006,-3.1266121745109556,EleutherAI/pythia-2.8b,2775208960
36,chicken,b,There was chicken in the oven.,b,The chicken was plucked.,match,pecher2006,-2.9696335097153983,EleutherAI/pythia-2.8b,2775208960
54,cigarette,b,There was a cigarette in the ashtray.,a,The cigarette was intact.,mismatch,pecher2006,-3.3276422381401063,EleutherAI/pythia-2.8b,2775208960
54,cigarette,b,There was a cigarette in the ashtray.,b,The cigarette was crushed.,match,pecher2006,-2.857020676136017,EleutherAI/pythia-2.8b,2775208960
7,coat,b,There was a coat on the floor.,a,The coat was hanging.,mismatch,pecher2006,-2.909987008571625,EleutherAI/pythia-2.8b,2775208960
7,coat,b,There was a coat on the floor.,b,The coat was crumpled.,match,pecher2006,-1.7426373539741948,EleutherAI/pythia-2.8b,2775208960
55,corn,b,There was corn in the cooking pot.,a,The corn was on the cob,mismatch,pecher2006,-2.289318174123764,EleutherAI/pythia-2.8b,2775208960
55,corn,b,There was corn in the cooking pot.,b,The corn was off the cob.,match,pecher2006,-2.426986030169896,EleutherAI/pythia-2.8b,2775208960
18,cucumber,b,There was cucumber in the salad.,a,The cucumber was whole.,mismatch,pecher2006,-2.5875729819138846,EleutherAI/pythia-2.8b,2775208960
18,cucumber,b,There was cucumber in the salad.,b,The cucumber was sliced.,match,pecher2006,-2.2140800853570304,EleutherAI/pythia-2.8b,2775208960
56,eagle,b,There was an eagle in the sky.,a,The eagle's wings were folded.,mismatch,pecher2006,-2.0676940509251187,EleutherAI/pythia-2.8b,2775208960
56,eagle,b,There was an eagle in the sky.,b,The eagle's wings were outstretched.,match,pecher2006,-1.7111457659242053,EleutherAI/pythia-2.8b,2775208960
41,egg,b,There was an egg in the skillet.,a,The egg was whole.,mismatch,pecher2006,-2.6767373085021973,EleutherAI/pythia-2.8b,2775208960
41,egg,b,There was an egg in the skillet.,b,The egg was frying.,match,pecher2006,-2.6557324171066283,EleutherAI/pythia-2.8b,2775208960
48,fish,b,There was fish in the oven.,a,The fish was whole.,mismatch,pecher2006,-2.8536090731620787,EleutherAI/pythia-2.8b,2775208960
48,fish,b,There was fish in the oven.,b,The fish was filetted.,match,pecher2006,-3.52467426444803,EleutherAI/pythia-2.8b,2775208960
22,frog,b,There was a frog in the pool.,a,The frog's legs were folded.,mismatch,pecher2006,-3.0577562962259566,EleutherAI/pythia-2.8b,2775208960
22,frog,b,There was a frog in the pool.,b,The frog's legs were outstretched.,match,pecher2006,-2.474577193355395,EleutherAI/pythia-2.8b,2775208960
13,garbage bag,b,There was a garbage bag in the dumpster.,a,The garbage bag was empty.,mismatch,pecher2006,-1.7968369151155155,EleutherAI/pythia-2.8b,2775208960
13,garbage bag,b,There was a garbage bag in the dumpster.,b,The garbage bag was full.,match,pecher2006,-2.0014048690597215,EleutherAI/pythia-2.8b,2775208960
14,goose,b,There was a goose in the sky.,a,The goose's wings were folded.,mismatch,pecher2006,-2.781916311808995,EleutherAI/pythia-2.8b,2775208960
14,goose,b,There was a goose in the sky.,b,The goose's wings were outstretched.,match,pecher2006,-2.202767282258719,EleutherAI/pythia-2.8b,2775208960
37,hockey,b,There was a hockey player on the bench.,a,The hockey player was standing.,mismatch,pecher2006,-2.8970099637905755,EleutherAI/pythia-2.8b,2775208960
37,hockey,b,There was a hockey player on the bench.,b,The hockey player was sitting.,match,pecher2006,-3.1557581375042596,EleutherAI/pythia-2.8b,2775208960
2,horse,b,There was a horse in the arena.,a,The horse was standing.,mismatch,pecher2006,-2.9963884353637695,EleutherAI/pythia-2.8b,2775208960
2,horse,b,There was a horse in the arena.,b,The horse was sitting.,match,pecher2006,-3.7369600772857665,EleutherAI/pythia-2.8b,2775208960
29,hose,b,There was a hose on the lawn.,a,The hose was coiled.,mismatch,pecher2006,-2.203051277746757,EleutherAI/pythia-2.8b,2775208960
29,hose,b,There was a hose on the lawn.,b,The hose was extended.,match,pecher2006,-2.8833032727241514,EleutherAI/pythia-2.8b,2775208960
15,ice,b,There was ice in the gutter.,a,The ice was shaped into ice cubes.,mismatch,pecher2006,-3.1674699559807777,EleutherAI/pythia-2.8b,2775208960
15,ice,b,There was ice in the gutter.,b,The ice was shaped into icicles.,match,pecher2006,-2.9703852243255824,EleutherAI/pythia-2.8b,2775208960
33,ketchup,b,There was ketchup on the plate.,a,The ketchup was in a bottle.,mismatch,pecher2006,-1.7462798821895074,EleutherAI/pythia-2.8b,2775208960
33,ketchup,b,There was ketchup on the plate.,b,The ketchup was in a dollop.,match,pecher2006,-2.376685679075308,EleutherAI/pythia-2.8b,2775208960
19,lamp,b,There was a lamp on the table.,a,The lamp was tall.,mismatch,pecher2006,-3.0303820729255677,EleutherAI/pythia-2.8b,2775208960
19,lamp,b,There was a lamp on the table.,b,The lamp was short.,match,pecher2006,-3.130270206928253,EleutherAI/pythia-2.8b,2775208960
49,lemon,b,There was lemon in the drink.,a,The lemon was whole.,mismatch,pecher2006,-3.173471713066101,EleutherAI/pythia-2.8b,2775208960
49,lemon,b,There was lemon in the drink.,b,The lemon was sliced.,match,pecher2006,-3.249278712272644,EleutherAI/pythia-2.8b,2775208960
38,lime,b,There was lime in the Corona bottle.,a,The lime was whole.,mismatch,pecher2006,-3.227539134025574,EleutherAI/pythia-2.8b,2775208960
38,lime,b,There was lime in the Corona bottle.,b,The lime was sliced.,match,pecher2006,-3.4529350996017456,EleutherAI/pythia-2.8b,2775208960
57,lobster,b,There was lobster in the salad.,a,The lobster was whole.,mismatch,pecher2006,-2.509011217703422,EleutherAI/pythia-2.8b,2775208960
57,lobster,b,There was lobster in the salad.,b,The lobster was in pieces.,match,pecher2006,-2.5177051073738506,EleutherAI/pythia-2.8b,2775208960
20,map,b,There was a map on the wall.,a,The map was folded.,mismatch,pecher2006,-2.7855218410491944,EleutherAI/pythia-2.8b,2775208960
20,map,b,There was a map on the wall.,b,The map was spread out.,match,pecher2006,-2.781966745853424,EleutherAI/pythia-2.8b,2775208960
8,match,b,There was a match in the ashtray.,a,The match was fresh.,mismatch,pecher2006,-2.5521304607391357,EleutherAI/pythia-2.8b,2775208960
8,match,b,There was a match in the ashtray.,b,The match was burned.,match,pecher2006,-2.409458541870117,EleutherAI/pythia-2.8b,2775208960
42,mushroom,b,There was mushroom in the soup.,a,The mushroom was whole.,mismatch,pecher2006,-3.39358537197113,EleutherAI/pythia-2.8b,2775208960
42,mushroom,b,There was mushroom in the soup.,b,The mushroom was sliced.,match,pecher2006,-3.224005675315857,EleutherAI/pythia-2.8b,2775208960
43,newspaper,b,There was a newspaper on the rack.,a,The newspaper was rolled up.,mismatch,pecher2006,-2.7474969824155173,EleutherAI/pythia-2.8b,2775208960
43,newspaper,b,There was a newspaper on the rack.,b,The newspaper was flat.,match,pecher2006,-3.1793203473091127,EleutherAI/pythia-2.8b,2775208960
50,onion,b,There was onion in the batter.,a,The onion was whole.,mismatch,pecher2006,-3.0719400882720946,EleutherAI/pythia-2.8b,2775208960
50,onion,b,There was onion in the batter.,b,The onion was sliced.,match,pecher2006,-3.055921792984009,EleutherAI/pythia-2.8b,2775208960
9,owl,b,There was an owl in the sky.,a,The owl's wings were folded.,mismatch,pecher2006,-2.152335681952536,EleutherAI/pythia-2.8b,2775208960
9,owl,b,There was an owl in the sky.,b,The owl's wings were outstretched.,match,pecher2006,-1.7898632685886695,EleutherAI/pythia-2.8b,2775208960
23,paint,b,There was paint in the drawing.,a,The paint was in a can.,mismatch,pecher2006,-2.3711135387420654,EleutherAI/pythia-2.8b,2775208960
23,paint,b,There was paint in the drawing.,b,The paint was in a smear.,match,pecher2006,-3.110989740916661,EleutherAI/pythia-2.8b,2775208960
44,pineapple,b,There was pineapple on the skewer.,a,The pineapple was whole.,mismatch,pecher2006,-2.536924126247565,EleutherAI/pythia-2.8b,2775208960
44,pineapple,b,There was pineapple on the skewer.,b,The pineapple was in chunks.,match,pecher2006,-2.560129693576268,EleutherAI/pythia-2.8b,2775208960
10,pumpkin,b,There was a pumpkin on the porch.,a,The pumpkin was whole.,mismatch,pecher2006,-2.727400231361389,EleutherAI/pythia-2.8b,2775208960
10,pumpkin,b,There was a pumpkin on the porch.,b,The pumpkin was carved.,match,pecher2006,-2.380875551700592,EleutherAI/pythia-2.8b,2775208960
45,sailboat,b,There was a sailboat on the lake.,a,The sailboat's sails were down.,mismatch,pecher2006,-2.3276698794215918,EleutherAI/pythia-2.8b,2775208960
45,sailboat,b,There was a sailboat on the lake.,b,The sailboat's sails were up.,match,pecher2006,-2.278064927086234,EleutherAI/pythia-2.8b,2775208960
3,scarf,b,There was a scarf on the floor.,a,The scarf was hanging.,mismatch,pecher2006,-3.26277916431427,EleutherAI/pythia-2.8b,2775208960
3,scarf,b,There was a scarf on the floor.,b,The scarf was crumpled.,match,pecher2006,-1.8703814664456462,EleutherAI/pythia-2.8b,2775208960
58,shirt,b,There was a shirt on the shelf.,a,The shirt was hanging.,mismatch,pecher2006,-3.0621183276176454,EleutherAI/pythia-2.8b,2775208960
58,shirt,b,There was a shirt on the shelf.,b,The shirt was folded.,match,pecher2006,-2.437791311740875,EleutherAI/pythia-2.8b,2775208960
4,shoelace,b,There was a shoelace in the sneaker.,a,The shoelace was coiled.,mismatch,pecher2006,-2.026061810203828,EleutherAI/pythia-2.8b,2775208960
4,shoelace,b,There was a shoelace in the sneaker.,b,The shoelace was tied.,match,pecher2006,-1.7291868612436312,EleutherAI/pythia-2.8b,2775208960
30,soap,b,There was soap in the bath.,a,The soap was in a bar.,mismatch,pecher2006,-2.4390014154570445,EleutherAI/pythia-2.8b,2775208960
30,soap,b,There was soap in the bath.,b,The soap was in a lather.,match,pecher2006,-2.523729123175144,EleutherAI/pythia-2.8b,2775208960
59,spaghetti,b,There was spaghetti in the bowl.,a,The spaghetti was straight.,mismatch,pecher2006,-2.312410108878144,EleutherAI/pythia-2.8b,2775208960
59,spaghetti,b,There was spaghetti in the bowl.,b,The spaghetti was curvy.,match,pecher2006,-2.4023788805352524,EleutherAI/pythia-2.8b,2775208960
11,squid,b,There was squid in the pasta.,a,The squid was alive.,mismatch,pecher2006,-2.185286596106986,EleutherAI/pythia-2.8b,2775208960
11,squid,b,There was squid in the pasta.,b,The squid was cooked.,match,pecher2006,-1.997894142754376,EleutherAI/pythia-2.8b,2775208960
5,staple,b,There was a staple in the article.,a,The staple was U-shaped.,mismatch,pecher2006,-3.9211645296641757,EleutherAI/pythia-2.8b,2775208960
5,staple,b,There was a staple in the article.,b,The staple was clamped inward.,match,pecher2006,-5.213622314589364,EleutherAI/pythia-2.8b,2775208960
26,sugar,b,There was sugar on the spoon.,a,The sugar was in a dispenser.,mismatch,pecher2006,-2.818116824986646,EleutherAI/pythia-2.8b,2775208960
26,sugar,b,There was sugar on the spoon.,b,The sugar was in a heap.,match,pecher2006,-3.018591148512704,EleutherAI/pythia-2.8b,2775208960
16,swiss knife,b,There was a swiss knife in his hand.,a,The swiss knife was closed.,mismatch,pecher2006,-2.1917494736345753,EleutherAI/pythia-2.8b,2775208960
16,swiss knife,b,There was a swiss knife in his hand.,b,The swiss knife was open.,match,pecher2006,-1.9535718420520425,EleutherAI/pythia-2.8b,2775208960
31,tape,b,There was tape on the box.,a,There tape was on a roll.,mismatch,pecher2006,-4.099715607506888,EleutherAI/pythia-2.8b,2775208960
31,tape,b,There was tape on the box.,b,The tape was in a strip.,match,pecher2006,-2.422703947339739,EleutherAI/pythia-2.8b,2775208960
27,tinfoil,b,There was tinfoil in the garbage.,a,The tinfoil was rolled up.,mismatch,pecher2006,-2.0888627497915877,EleutherAI/pythia-2.8b,2775208960
27,tinfoil,b,There was tinfoil in the garbage.,b,The tinfoil was crumpled up.,match,pecher2006,-1.6650215295958333,EleutherAI/pythia-2.8b,2775208960
60,tissue,b,There was a tissue in the trashcan.,a,The tissue was rectangular.,mismatch,pecher2006,-3.642461585998535,EleutherAI/pythia-2.8b,2775208960
60,tissue,b,There was a tissue in the trashcan.,b,The tissue was balled up.,match,pecher2006,-2.443088766719614,EleutherAI/pythia-2.8b,2775208960
46,tomato,b,There was tomato on the pizza.,a,The tomato was whole.,mismatch,pecher2006,-3.197552704811096,EleutherAI/pythia-2.8b,2775208960
46,tomato,b,There was tomato on the pizza.,b,The tomato was sliced.,match,pecher2006,-2.898278868198395,EleutherAI/pythia-2.8b,2775208960
51,towel,b,There was a towel on the rack.,a,The towel was crumpled.,mismatch,pecher2006,-1.8419579896227722,EleutherAI/pythia-2.8b,2775208960
51,towel,b,There was a towel on the rack.,b,The towel was hanging.,match,pecher2006,-3.248893702030182,EleutherAI/pythia-2.8b,2775208960
17,umbrella,b,There was an umbrella in her hand.,a,The umbrella was closed.,mismatch,pecher2006,-2.4037376165390016,EleutherAI/pythia-2.8b,2775208960
17,umbrella,b,There was an umbrella in her hand.,b,The umbrella was open.,match,pecher2006,-2.1753541350364687,EleutherAI/pythia-2.8b,2775208960
24,walnut,b,There was walnut on the brownie.,a,The walnut was whole.,mismatch,pecher2006,-2.4670401016871133,EleutherAI/pythia-2.8b,2775208960
24,walnut,b,There was walnut on the brownie.,b,The walnut was chopped.,match,pecher2006,-2.6382497549057007,EleutherAI/pythia-2.8b,2775208960
52,watermelon,b,There was watermelon in the bowl.,a,The watermelon was whole.,mismatch,pecher2006,-2.330094135055939,EleutherAI/pythia-2.8b,2775208960
52,watermelon,b,There was watermelon in the bowl.,b,The watermelon was sliced.,match,pecher2006,-2.1429985525707402,EleutherAI/pythia-2.8b,2775208960
6,wheat,b,There was wheat in the mill.,a,The wheat was in stalks.,mismatch,pecher2006,-2.799691343896224,EleutherAI/pythia-2.8b,2775208960
6,wheat,b,There was wheat in the mill.,b,The wheat was in grains.,match,pecher2006,-3.293711910645167,EleutherAI/pythia-2.8b,2775208960
34,wool,b,There was wool in the sweater.,a,The wool was in a ball.,mismatch,pecher2006,-2.5615689754486084,EleutherAI/pythia-2.8b,2775208960
34,wool,b,There was wool in the sweater.,b,The wool was knitted.,match,pecher2006,-2.3935740292072296,EleutherAI/pythia-2.8b,2775208960
25,zodiac,b,There was a zodiac in the garage.,a,The zodiac was deflated.,mismatch,pecher2006,-2.1891066528478405,EleutherAI/pythia-2.8b,2775208960
25,zodiac,b,There was a zodiac in the garage.,b,The zodiac was inflated.,match,pecher2006,-2.569047734523857,EleutherAI/pythia-2.8b,2775208960
